伊吹 翼,Machico,fed552,7/30,いぶき つばさ,まちこ,Tsubasa Ibuki
エミリー スチュワート,郁原 ゆう,554171,1/8,えみりー すちゅわーと,かはら ゆう,Emily Stewart
大神 環,稲川 英里,ee762e,4/29,おおがみ たまき,いながわ えり,Tamaki Ogami
春日 未来,山崎 はるか,ea5b76,6/28,かすが みらい,やまさき はるか,Mirai Kasuga
北上 麗花,平山 笑美,6bb6b0,5/17,きたかみ れいか,ひらやま えみ,Reika Kitakami
北沢 志保,雨宮 天,afa690,1/18,きたざわ しほ,あまみや そら,Shiho Kitazawa
木下 ひなた,田村 奈央,d1342c,7/4,きのした ひなた,たむら なお,Hinata Kinoshita
高坂 海美,上田 麗奈,e9739b,8/10,こうさか うみ,うえだ れいな,Umi Kosaka
佐竹 美奈子,大関 英里,58a6dc,3/22,さたけ みなこ,おおぜき えり,Minako Satake
島原 エレナ,角元 明日香,9bce92,10/26,しまばら えれな,かくもと あすか,Elena Shimabara
ジュリア,寺川 愛美,d7385f,9/26,じゅりあ,てらかわ あいみ,Julia
周防 桃子,渡部 恵子,efb864,11/6,すおう ももこ,わたなべ けいこ,Momoko Suou
篠宮 可憐,近藤 唯,b63b40,8/27,しのみや かれん,こんどう ゆい,Karen Shinomiya
高山 紗代子,駒形 友梨,7f6575,12/29,たかやま さよこ,こまがた ゆり,Sayoko Takayama
田中 琴葉,種田 梨沙,92cfbb,10/5,たなか ことは,たねだ りさ,Kotoha Tanaka
天空橋 朋花,小岩井 ことり,bee3e3,11/11,てんくうばし ともか,こいわい ことり,Tomoka Tenkubashi
徳川 まつり,諏訪 彩花,5abfb7,2/4,とくがわ まつり,すわ あやか,Matsuri Tokugawa
所 恵美,藤井 ゆきよ,454341,4/15,ところ めぐみ,ふじい ゆきよ,Megumi Tokoro
豊川 風花,末柄 里恵,7278a8,9/2,とよかわ ふうか,すえがら りえ,Fuka Toyokawa
中谷 育,原嶋 あかり,f7e78e,12/16,なかたに いく,はらしま あかり,Iku Nakatani
永吉 昴,斉藤 佑圭,aeb49c,9/20,ながよし すばる,さいとう ゆか,Subaru Nagayoshi
七尾 百合子,伊藤 美来,c7b83c,3/18,ななお ゆりこ,いとう みく,Yuriko Nanao
二階堂 千鶴,野村 香菜子,f19557,10/21,にかいどう ちづる,のむら かなこ,Chizuru Nikaidou
野々原 茜,小笠原 早紀,eb613f,12/3,ののはら あかね,おがさわら さき,Akane Nonohara
箱崎 星梨花,麻倉 もも,ed90ba,2/20,はこざき せりか,あさくら もも,Serika Hakozaki
馬場 このみ,高橋 未奈美,f1becb,6/12,ばば このみ,たかはし みなみ,Konomi Baba
福田 のり子,浜崎 奈々,eceb70,3/30,ふくだ のりこ,はまさき なな,Noriko Fukuda
舞浜 歩,戸田 めぐみ,e25a9b,7/23,まいはま あゆむ,とだ めぐみ,Ayumu Maihama
真壁 瑞希,阿部 里果,99b7dc,1/27,まかべ みずき,あべ りか,Mizuki Makabe
松田 亜利沙,村川 梨衣,b54461,6/7,まつだ ありさ,むらかわ りえ,Arisa Matsuda
宮尾 美也,桐谷 蝶々,d7a96b,4/24,みやお みや,きりたに ちょうちょ,Miya Miyao
最上 静香,田所 あずさ,6495cf,9/14,もがみ しずか,たどころ あずさ,Shizuka Mogami
望月 杏奈,夏川 椎菜,7e6ca8,5/31,もちづき あんな,なつかわ しいな,Anna Mochizuki
百瀬 莉緒,山口 立花子,f19591,11/21,ももせ りお,やまぐち りかこ,Rio Momose
矢吹 可奈,木戸 衣吹,f5ad3b,8/18,やぶき かな,きど いぶき,Kana Yabuki
横山 奈緒,渡部 優衣,788bc5,2/12,よこやま なお,わたなべ ゆい,Nao Yokoyama
ロコ,中村 温姫,fff03c,3/1,ろこ,なかむら あつき,Roco Handa
桜守 歌織,香里 有佐,274079,3/27,さくらもり かおり,こうり ゆさ,Kaori Sakuramori
白石 紬,南 早紀,ebe1ff,5/29,しらいし つむぎ,みなみ さき,Tsumugi Shiraishi
天海 春香,中村 繪里子,e22b30,4/3,あまみ はるか,なかむら えりこ,Haruka Amami
如月 千早,今井 麻美,2743d2,2/25,きさらぎ ちはや,いまい あさみ,Chihaya Kisaragi
萩原 雪歩,浅倉 杏美,d3dde9,12/24,はぎわら ゆきほ,あさくら あずみ,Yukiho Hagiwara
高槻 やよい,仁後 真耶子,f39939,3/25,たかつき やよい,にご まやこ,Yayoi Takatsuki
秋月 律子,若林 直美,01a860,6/23,あきづき りつこ,わかばやし なおみ,Ritsuko Akizuki
三浦 あずさ,たかはし 智秋,9238be,7/19,みうら あずさ,たかはし ちあき,Azusa Miura
水瀬 伊織,釘宮 理恵,fd99e1,5/5,みなせ いおり,くぎみや えり,Iori Minase
菊地 真,平田 宏美,515558,8/29,きくち まこと,ひらた ひろみ,Makoto Kikuchi
双海 亜美,下田 麻美,ffe43f,5/22,ふたみ あみ,しもだ あさみ,Ami Futami
双海 真美,下田 麻美,ffe43f,5/22,ふたみ まみ,しもだ あさみ,Mami Futami
星井 美希,長谷川 明子,b4e04b,11/23,ほしい みき,はせがわ あきこ,Miki Hoshii
我那 覇響,沼倉 愛美,01adb9,10/10,がなは ひびき,ぬまくら まなみ,Hibiki Ganaha
四条 貴音,原 由実,a6126a,1/21,しじょう たかね,はら ゆみ,Takane Shijou
音無 小鳥,滝田 樹里,ffffdd,9/9,おとなし ことり,たきた じゅり,Kotori Otonashi
青葉 美咲,安済 知佳,74d3c5 ,6/29,あおば みさき,あんざい ちか,Misaki Aoba
